date_time,component_modified,modified_by_user
2024-01-14 09:30:00,UserAccessModule,USER001
2024-01-15 04:20:00,SecuritySettings,USER004
2024-01-19 11:45:00,DatabaseConfig,USER002
2024-01-16 18:30:00,NetworkSettings,USER007
2024-01-17 11:15:00,APIEndpoints,USER003
2024-01-17 17:40:00,LoggingSystem,USER005
2024-10-18 09:00:00,UserInterface,USER008
2024-01-18 23:25:00,BackupSystem,USER006
2024-02-19 11:30:00,AuthModule,USER001
2024-01-19 06:15:00,ReportingEngine,USER004
2024-01-20 11:45:00,DataProcessor,USER009
2024-01-20 19:20:00,SecurityModule,USER002
2024-01-21 10:15:00,ConfigSettings,USER005
2024-01-21 19:50:00,UserManagement,USER003
2024-01-29 10:30:00,APIGateway,USER007
2024-01-22 15:45:00,DatabaseIndex,USER001
2024-01-23 09:45:00,AccessControl,USER006
2024-01-23 14:30:00,SystemCore,USER004
2024-01-24 11:00:00,LogAnalyzer,USER008
2024-01-24 16:00:00,WebService,USER002
